start_date,current_date,starting_pop,current_pop,female_pop_pct,male_pop_pct,sick,recovered,uninfected,dead,vacinated,wasted_vaccine,mortality_rate,infection_rate,teacher_sick_rate,hospital_worker_sick_rate,frontline_worker_sick_rate
2021-01-01,2021-01-01,2000,2000,0.506,0.494,91,9,1900,0,0,0,0.0,0.05,0.08045977011494253,0.06557377049180328,0.075
2021-01-01,2021-01-02,2000,2000,0.506,0.494,90,12,1898,0,0,0,0.0,0.051,0.08045977011494253,0.06557377049180328,0.075
2021-01-01,2021-01-03,2000,2000,0.506,0.494,88,15,1897,0,0,0,0.0,0.0515,0.08045977011494253,0.06557377049180328,0.08333333333333333
2021-01-01,2021-01-04,2000,2000,0.506,0.494,86,21,1893,0,0,0,0.0,0.0535,0.08045977011494253,0.08196721311475409,0.09166666666666666
2021-01-01,2021-01-05,2000,2000,0.506,0.494,83,25,1892,0,0,0,0.0,0.054,0.08045977011494253,0.08196721311475409,0.09166666666666666
2021-01-01,2021-01-06,2000,2000,0.506,0.494,82,30,1888,0,0,0,0.0,0.056,0.08045977011494253,0.08196721311475409,0.09166666666666666
2021-01-01,2021-01-07,2000,2000,0.506,0.494,80,35,1885,0,0,0,0.0,0.0575,0.08045977011494253,0.09836065573770492,0.09166666666666666
2021-01-01,2021-01-08,2000,2000,0.506,0.494,82,37,1881,0,0,0,0.0,0.0595,0.08045977011494253,0.09836065573770492,0.09166666666666666
2021-01-01,2021-01-09,2000,2000,0.506,0.494,82,39,1879,0,0,0,0.0,0.0605,0.08045977011494253,0.09836065573770492,0.09166666666666666
2021-01-01,2021-01-10,2000,2000,0.506,0.494,80,44,1876,0,0,0,0.0,0.062,0.08045977011494253,0.09836065573770492,0.09166666666666666
2021-01-01,2021-01-11,2000,2000,0.506,0.494,80,46,1874,0,0,0,0.0,0.063,0.08045977011494253,0.09836065573770492,0.09166666666666666
2021-01-01,2021-01-12,2000,2000,0.506,0.494,78,54,1868,0,0,0,0.0,0.066,0.08045977011494253,0.09836065573770492,0.09166666666666666
2021-01-01,2021-01-13,2000,2000,0.506,0.494,80,54,1866,0,0,0,0.0,0.067,0.08045977011494253,0.09836065573770492,0.09166666666666666
2021-01-01,2021-01-14,2000,2000,0.506,0.494,87,55,1858,0,0,0,0.0,0.071,0.08045977011494253,0.11475409836065574,0.10833333333333334
2021-01-01,2021-01-15,2000,2000,0.506,0.494,89,57,1854,0,0,0,0.0,0.073,0.08045977011494253,0.11475409836065574,0.11666666666666667
2021-01-01,2021-01-16,2000,2000,0.506,0.494,84,62,1854,0,0,0,0.0,0.073,0.08045977011494253,0.11475409836065574,0.11666666666666667
2021-01-01,2021-01-17,2000,2000,0.506,0.494,87,63,1850,0,200,15,0.0,0.075,0.08045977011494253,0.13114754098360656,0.125
2021-01-01,2021-01-18,2000,2000,0.506,0.494,89,67,1844,0,200,15,0.0,0.078,0.08045977011494253,0.13114754098360656,0.13333333333333333
2021-01-01,2021-01-19,2000,2000,0.506,0.494,84,73,1843,0,200,15,0.0,0.0785,0.08045977011494253,0.13114754098360656,0.14166666666666666
2021-01-01,2021-01-20,2000,2000,0.506,0.494,81,78,1841,0,200,15,0.0,0.0795,0.08045977011494253,0.13114754098360656,0.14166666666666666
2021-01-01,2021-01-21,2000,2000,0.506,0.494,84,80,1836,0,200,15,0.0,0.082,0.08045977011494253,0.14754098360655737,0.14166666666666666
2021-01-01,2021-01-22,2000,2000,0.506,0.494,83,85,1832,0,200,15,0.0,0.084,0.08045977011494253,0.14754098360655737,0.14166666666666666
2021-01-01,2021-01-23,2000,2000,0.506,0.494,81,90,1829,0,200,15,0.0,0.0855,0.08045977011494253,0.16393442622950818,0.14166666666666666
2021-01-01,2021-01-24,2000,1999,0.506,0.494,77,96,1826,1,200,15,0.010309278350515464,0.087,0.08045977011494253,0.16393442622950818,0.14166666666666666
2021-01-01,2021-01-25,2000,1999,0.506,0.494,75,101,1823,1,200,15,0.00980392156862745,0.0885,0.08045977011494253,0.16393442622950818,0.14166666666666666
2021-01-01,2021-01-26,2000,1999,0.506,0.494,67,109,1823,1,200,15,0.00909090909090909,0.0885,0.08045977011494253,0.16393442622950818,0.14166666666666666
2021-01-01,2021-01-27,2000,1999,0.506,0.494,69,111,1819,1,200,15,0.008928571428571428,0.0905,0.08045977011494253,0.16393442622950818,0.14166666666666666
2021-01-01,2021-01-28,2000,1999,0.506,0.494,62,119,1818,1,200,15,0.008333333333333333,0.091,0.08045977011494253,0.16393442622950818,0.14166666666666666
2021-01-01,2021-01-29,2000,1999,0.506,0.494,61,122,1816,1,200,15,0.008130081300813009,0.092,0.08045977011494253,0.16393442622950818,0.14166666666666666
2021-01-01,2021-01-30,2000,1999,0.506,0.494,61,125,1813,1,200,15,0.007936507936507936,0.0935,0.08045977011494253,0.16393442622950818,0.14166666666666666
2021-01-01,2021-01-31,2000,1999,0.506,0.494,63,129,1807,1,200,15,0.007692307692307693,0.0965,0.08045977011494253,0.16393442622950818,0.14166666666666666
2021-01-01,2021-02-01,2000,1999,0.506,0.494,61,133,1805,1,400,34,0.007462686567164179,0.0975,0.08045977011494253,0.16393442622950818,0.14166666666666666
2021-01-01,2021-02-02,2000,1998,0.506,0.494,61,136,1801,2,400,34,0.014492753623188406,0.0995,0.08045977011494253,0.16393442622950818,0.14166666666666666
2021-01-01,2021-02-03,2000,1998,0.506,0.494,59,141,1798,2,400,34,0.013986013986013986,0.101,0.08045977011494253,0.16393442622950818,0.14166666666666666
2021-01-01,2021-02-04,2000,1998,0.506,0.494,59,146,1793,2,400,34,0.013513513513513514,0.1035,0.08045977011494253,0.18032786885245902,0.14166666666666666
2021-01-01,2021-02-05,2000,1998,0.506,0.494,64,146,1788,2,400,34,0.013513513513513514,0.106,0.09195402298850575,0.18032786885245902,0.15
2021-01-01,2021-02-06,2000,1997,0.506,0.494,59,154,1784,3,400,34,0.01910828025477707,0.108,0.09195402298850575,0.18032786885245902,0.15833333333333333
2021-01-01,2021-02-07,2000,1997,0.506,0.494,61,156,1780,3,400,34,0.018867924528301886,0.11,0.09195402298850575,0.18032786885245902,0.15833333333333333
2021-01-01,2021-02-08,2000,1997,0.506,0.494,66,159,1772,3,400,34,0.018518518518518517,0.114,0.09195402298850575,0.18032786885245902,0.15833333333333333
2021-01-01,2021-02-09,2000,1997,0.506,0.494,64,162,1771,3,400,34,0.01818181818181818,0.1145,0.09195402298850575,0.18032786885245902,0.15833333333333333
2021-01-01,2021-02-10,2000,1997,0.506,0.494,63,167,1767,3,400,34,0.01764705882352941,0.1165,0.09195402298850575,0.19672131147540983,0.15833333333333333
2021-01-01,2021-02-11,2000,1997,0.506,0.494,60,171,1766,3,400,34,0.017241379310344827,0.117,0.09195402298850575,0.19672131147540983,0.15833333333333333
2021-01-01,2021-02-12,2000,1997,0.506,0.494,58,175,1764,3,400,34,0.016853932584269662,0.118,0.09195402298850575,0.19672131147540983,0.16666666666666666
2021-01-01,2021-02-13,2000,1997,0.506,0.494,59,178,1760,3,400,34,0.016574585635359115,0.12,0.09195402298850575,0.21311475409836064,0.175
2021-01-01,2021-02-14,2000,1997,0.506,0.494,56,185,1756,3,400,34,0.015957446808510637,0.122,0.09195402298850575,0.21311475409836064,0.175
2021-01-01,2021-02-15,2000,1997,0.506,0.494,57,189,1751,3,400,34,0.015625,0.1245,0.09195402298850575,0.21311475409836064,0.175
2021-01-01,2021-02-16,2000,1996,0.506,0.494,56,192,1748,4,600,58,0.02040816326530612,0.126,0.09195402298850575,0.22950819672131148,0.175
2021-01-01,2021-02-17,2000,1996,0.506,0.494,54,196,1746,4,600,58,0.02,0.127,0.10344827586206896,0.22950819672131148,0.175
2021-01-01,2021-02-18,2000,1996,0.506,0.494,55,202,1739,4,600,58,0.019417475728155338,0.1305,0.11494252873563218,0.22950819672131148,0.18333333333333332
2021-01-01,2021-02-19,2000,1996,0.506,0.494,59,203,1734,4,600,58,0.01932367149758454,0.133,0.12643678160919541,0.2459016393442623,0.18333333333333332
2021-01-01,2021-02-20,2000,1996,0.506,0.494,58,207,1731,4,600,58,0.018957345971563982,0.1345,0.12643678160919541,0.2459016393442623,0.2
2021-01-01,2021-02-21,2000,1996,0.506,0.494,61,210,1725,4,600,58,0.018691588785046728,0.1375,0.12643678160919541,0.2459016393442623,0.20833333333333334
2021-01-01,2021-02-22,2000,1996,0.506,0.494,60,213,1723,4,600,58,0.018433179723502304,0.1385,0.12643678160919541,0.2459016393442623,0.20833333333333334
2021-01-01,2021-02-23,2000,1996,0.506,0.494,61,218,1717,4,600,58,0.018018018018018018,0.1415,0.12643678160919541,0.2459016393442623,0.20833333333333334
2021-01-01,2021-02-24,2000,1996,0.506,0.494,65,220,1711,4,600,58,0.017857142857142856,0.1445,0.12643678160919541,0.2459016393442623,0.20833333333333334
2021-01-01,2021-02-25,2000,1996,0.506,0.494,68,225,1703,4,600,58,0.017467248908296942,0.1485,0.12643678160919541,0.2459016393442623,0.21666666666666667
2021-01-01,2021-02-26,2000,1996,0.506,0.494,70,226,1700,4,600,58,0.017391304347826087,0.15,0.12643678160919541,0.2459016393442623,0.21666666666666667
2021-01-01,2021-02-27,2000,1996,0.506,0.494,73,227,1696,4,600,58,0.017316017316017316,0.152,0.12643678160919541,0.2459016393442623,0.21666666666666667
2021-01-01,2021-02-28,2000,1996,0.506,0.494,72,230,1694,4,600,58,0.017094017094017096,0.153,0.12643678160919541,0.2459016393442623,0.21666666666666667
2021-01-01,2021-03-01,2000,1996,0.506,0.494,67,237,1692,4,600,58,0.016597510373443983,0.154,0.12643678160919541,0.2459016393442623,0.21666666666666667
2021-01-01,2021-03-02,2000,1996,0.506,0.494,67,239,1690,4,600,58,0.01646090534979424,0.155,0.12643678160919541,0.2459016393442623,0.21666666666666667
2021-01-01,2021-03-03,2000,1996,0.506,0.494,66,242,1688,4,800,100,0.016260162601626018,0.156,0.12643678160919541,0.26229508196721313,0.21666666666666667
2021-01-01,2021-03-04,2000,1996,0.506,0.494,67,243,1686,4,800,100,0.016194331983805668,0.157,0.12643678160919541,0.26229508196721313,0.21666666666666667
2021-01-01,2021-03-05,2000,1996,0.506,0.494,65,249,1682,4,800,100,0.015810276679841896,0.159,0.13793103448275862,0.26229508196721313,0.21666666666666667
2021-01-01,2021-03-06,2000,1996,0.506,0.494,65,253,1678,4,800,100,0.01556420233463035,0.161,0.14942528735632185,0.26229508196721313,0.21666666666666667
2021-01-01,2021-03-07,2000,1995,0.506,0.494,68,256,1671,5,800,100,0.019157088122605363,0.1645,0.14942528735632185,0.26229508196721313,0.23333333333333334
2021-01-01,2021-03-08,2000,1995,0.506,0.494,70,258,1667,5,800,100,0.019011406844106463,0.1665,0.14942528735632185,0.26229508196721313,0.23333333333333334
2021-01-01,2021-03-09,2000,1995,0.506,0.494,74,260,1661,5,800,100,0.018867924528301886,0.1695,0.16091954022988506,0.26229508196721313,0.23333333333333334
2021-01-01,2021-03-10,2000,1995,0.506,0.494,79,262,1654,5,800,100,0.018726591760299626,0.173,0.16091954022988506,0.26229508196721313,0.23333333333333334
2021-01-01,2021-03-11,2000,1995,0.506,0.494,79,265,1651,5,800,100,0.018518518518518517,0.1745,0.16091954022988506,0.26229508196721313,0.23333333333333334
2021-01-01,2021-03-12,2000,1995,0.506,0.494,83,268,1644,5,800,100,0.018315018315018316,0.178,0.1724137931034483,0.26229508196721313,0.25
2021-01-01,2021-03-13,2000,1994,0.506,0.494,86,270,1638,6,800,100,0.021739130434782608,0.181,0.1724137931034483,0.2786885245901639,0.25
2021-01-01,2021-03-14,2000,1994,0.506,0.494,86,272,1636,6,800,100,0.02158273381294964,0.182,0.1724137931034483,0.2786885245901639,0.25833333333333336
2021-01-01,2021-03-15,2000,1993,0.506,0.494,86,276,1631,7,800,100,0.024734982332155476,0.1845,0.1724137931034483,0.2786885245901639,0.25833333333333336
2021-01-01,2021-03-16,2000,1992,0.506,0.494,84,280,1628,8,800,100,0.027777777777777776,0.186,0.1724137931034483,0.29508196721311475,0.25833333333333336
2021-01-01,2021-03-17,2000,1992,0.506,0.494,82,282,1628,8,800,100,0.027586206896551724,0.186,0.1724137931034483,0.29508196721311475,0.25833333333333336
2021-01-01,2021-03-18,2000,1992,0.506,0.494,79,288,1625,8,1000,143,0.02702702702702703,0.1875,0.1724137931034483,0.29508196721311475,0.25833333333333336
2021-01-01,2021-03-19,2000,1992,0.506,0.494,74,294,1624,8,1000,143,0.026490066225165563,0.188,0.1724137931034483,0.29508196721311475,0.25833333333333336
2021-01-01,2021-03-20,2000,1992,0.506,0.494,73,299,1620,8,1000,143,0.026058631921824105,0.19,0.19540229885057472,0.29508196721311475,0.25833333333333336
2021-01-01,2021-03-21,2000,1992,0.506,0.494,74,303,1615,8,1000,143,0.02572347266881029,0.1925,0.20689655172413793,0.3114754098360656,0.25833333333333336
2021-01-01,2021-03-22,2000,1992,0.506,0.494,75,306,1611,8,1000,143,0.025477707006369428,0.1945,0.20689655172413793,0.3114754098360656,0.26666666666666666
2021-01-01,2021-03-23,2000,1992,0.506,0.494,76,310,1606,8,1000,143,0.025157232704402517,0.197,0.20689655172413793,0.3114754098360656,0.26666666666666666
2021-01-01,2021-03-24,2000,1992,0.506,0.494,72,315,1605,8,1000,143,0.02476780185758514,0.1975,0.20689655172413793,0.3114754098360656,0.26666666666666666
2021-01-01,2021-03-25,2000,1991,0.506,0.494,71,319,1601,9,1000,143,0.027439024390243903,0.1995,0.20689655172413793,0.3442622950819672,0.26666666666666666
2021-01-01,2021-03-26,2000,1990,0.506,0.494,71,321,1598,10,1000,143,0.030211480362537766,0.201,0.20689655172413793,0.3442622950819672,0.26666666666666666
2021-01-01,2021-03-27,2000,1990,0.506,0.494,71,326,1593,10,1000,143,0.02976190476190476,0.2035,0.20689655172413793,0.3442622950819672,0.26666666666666666
2021-01-01,2021-03-28,2000,1989,0.506,0.494,70,331,1588,11,1000,143,0.03216374269005848,0.206,0.20689655172413793,0.3442622950819672,0.26666666666666666
2021-01-01,2021-03-29,2000,1989,0.506,0.494,73,333,1583,11,1000,143,0.03197674418604651,0.2085,0.20689655172413793,0.36065573770491804,0.26666666666666666
2021-01-01,2021-03-30,2000,1989,0.506,0.494,71,339,1579,11,1000,143,0.03142857142857143,0.2105,0.20689655172413793,0.36065573770491804,0.26666666666666666
2021-01-01,2021-03-31,2000,1989,0.506,0.494,65,346,1578,11,1000,143,0.03081232492997199,0.211,0.20689655172413793,0.36065573770491804,0.26666666666666666
2021-01-01,2021-04-01,2000,1989,0.506,0.494,60,353,1576,11,1000,143,0.03021978021978022,0.212,0.20689655172413793,0.36065573770491804,0.26666666666666666
2021-01-01,2021-04-02,2000,1989,0.506,0.494,60,355,1574,11,1200,196,0.030054644808743168,0.213,0.20689655172413793,0.36065573770491804,0.26666666666666666
2021-01-01,2021-04-03,2000,1988,0.506,0.494,57,358,1573,12,1200,196,0.032432432432432434,0.2135,0.20689655172413793,0.36065573770491804,0.26666666666666666
2021-01-01,2021-04-04,2000,1988,0.506,0.494,54,362,1572,12,1200,196,0.03208556149732621,0.214,0.20689655172413793,0.36065573770491804,0.26666666666666666
2021-01-01,2021-04-05,2000,1988,0.506,0.494,51,367,1570,12,1200,196,0.0316622691292876,0.215,0.20689655172413793,0.36065573770491804,0.26666666666666666
2021-01-01,2021-04-06,2000,1988,0.506,0.494,50,371,1567,12,1200,196,0.031331592689295036,0.2165,0.20689655172413793,0.36065573770491804,0.26666666666666666
2021-01-01,2021-04-07,2000,1988,0.506,0.494,49,375,1564,12,1200,196,0.031007751937984496,0.218,0.20689655172413793,0.36065573770491804,0.26666666666666666
2021-01-01,2021-04-08,2000,1988,0.506,0.494,48,377,1563,12,1200,196,0.030848329048843187,0.2185,0.20689655172413793,0.36065573770491804,0.26666666666666666
2021-01-01,2021-04-09,2000,1988,0.506,0.494,45,383,1560,12,1200,196,0.030379746835443037,0.22,0.20689655172413793,0.36065573770491804,0.26666666666666666
2021-01-01,2021-04-10,2000,1988,0.506,0.494,46,383,1559,12,1200,196,0.030379746835443037,0.2205,0.20689655172413793,0.36065573770491804,0.26666666666666666
2021-01-01,2021-04-11,2000,1988,0.506,0.494,47,388,1553,12,1200,196,0.03,0.2235,0.20689655172413793,0.36065573770491804,0.26666666666666666
2021-01-01,2021-04-12,2000,1988,0.506,0.494,47,389,1552,12,1200,196,0.029925187032418952,0.224,0.20689655172413793,0.36065573770491804,0.26666666666666666
2021-01-01,2021-04-13,2000,1988,0.506,0.494,45,392,1551,12,1200,196,0.0297029702970297,0.2245,0.20689655172413793,0.36065573770491804,0.26666666666666666
2021-01-01,2021-04-14,2000,1988,0.506,0.494,46,392,1550,12,1200,196,0.0297029702970297,0.225,0.20689655172413793,0.36065573770491804,0.26666666666666666
2021-01-01,2021-04-15,2000,1988,0.506,0.494,46,396,1546,12,1200,196,0.029411764705882353,0.227,0.20689655172413793,0.36065573770491804,0.2833333333333333
2021-01-01,2021-04-16,2000,1988,0.506,0.494,44,400,1544,12,1200,196,0.02912621359223301,0.228,0.20689655172413793,0.36065573770491804,0.2833333333333333
2021-01-01,2021-04-17,2000,1988,0.506,0.494,43,401,1544,12,1400,254,0.029055690072639227,0.228,0.20689655172413793,0.36065573770491804,0.2833333333333333
2021-01-01,2021-04-18,2000,1988,0.506,0.494,41,403,1544,12,1400,254,0.02891566265060241,0.228,0.20689655172413793,0.36065573770491804,0.2833333333333333
2021-01-01,2021-04-19,2000,1988,0.506,0.494,38,407,1543,12,1400,254,0.028639618138424822,0.2285,0.20689655172413793,0.36065573770491804,0.2833333333333333
2021-01-01,2021-04-20,2000,1988,0.506,0.494,39,409,1540,12,1400,254,0.028503562945368172,0.23,0.20689655172413793,0.36065573770491804,0.2916666666666667
2021-01-01,2021-04-21,2000,1988,0.506,0.494,37,411,1540,12,1400,254,0.028368794326241134,0.23,0.20689655172413793,0.36065573770491804,0.2916666666666667
2021-01-01,2021-04-22,2000,1988,0.506,0.494,33,416,1539,12,1400,254,0.028037383177570093,0.2305,0.20689655172413793,0.36065573770491804,0.2916666666666667
2021-01-01,2021-04-23,2000,1988,0.506,0.494,32,417,1539,12,1400,254,0.027972027972027972,0.2305,0.20689655172413793,0.36065573770491804,0.2916666666666667
2021-01-01,2021-04-24,2000,1988,0.506,0.494,35,417,1536,12,1400,254,0.027972027972027972,0.232,0.20689655172413793,0.36065573770491804,0.2916666666666667
2021-01-01,2021-04-25,2000,1988,0.506,0.494,37,418,1533,12,1400,254,0.027906976744186046,0.2335,0.20689655172413793,0.3770491803278688,0.3
2021-01-01,2021-04-26,2000,1988,0.506,0.494,38,418,1532,12,1400,254,0.027906976744186046,0.234,0.20689655172413793,0.3770491803278688,0.3
2021-01-01,2021-04-27,2000,1988,0.506,0.494,38,419,1531,12,1400,254,0.027842227378190254,0.2345,0.20689655172413793,0.3770491803278688,0.3
2021-01-01,2021-04-28,2000,1988,0.506,0.494,35,422,1531,12,1400,254,0.027649769585253458,0.2345,0.20689655172413793,0.3770491803278688,0.3
2021-01-01,2021-04-29,2000,1988,0.506,0.494,39,423,1526,12,1400,254,0.027586206896551724,0.237,0.20689655172413793,0.4098360655737705,0.30833333333333335
2021-01-01,2021-04-30,2000,1988,0.506,0.494,35,428,1525,12,1400,254,0.02727272727272727,0.2375,0.20689655172413793,0.4098360655737705,0.30833333333333335
2021-01-01,2021-05-01,2000,1988,0.506,0.494,32,431,1525,12,1400,254,0.02708803611738149,0.2375,0.20689655172413793,0.4098360655737705,0.30833333333333335
2021-01-01,2021-05-02,2000,1988,0.506,0.494,32,433,1523,12,1600,328,0.02696629213483146,0.2385,0.20689655172413793,0.4098360655737705,0.31666666666666665
2021-01-01,2021-05-03,2000,1988,0.506,0.494,35,433,1520,12,1600,328,0.02696629213483146,0.24,0.20689655172413793,0.4098360655737705,0.31666666666666665
2021-01-01,2021-05-04,2000,1988,0.506,0.494,36,434,1518,12,1600,328,0.026905829596412557,0.241,0.20689655172413793,0.4098360655737705,0.31666666666666665
2021-01-01,2021-05-05,2000,1988,0.506,0.494,32,439,1517,12,1600,328,0.026607538802660754,0.2415,0.21839080459770116,0.4098360655737705,0.31666666666666665
2021-01-01,2021-05-06,2000,1988,0.506,0.494,30,441,1517,12,1600,328,0.026490066225165563,0.2415,0.21839080459770116,0.4098360655737705,0.31666666666666665
2021-01-01,2021-05-07,2000,1988,0.506,0.494,30,443,1515,12,1600,328,0.026373626373626374,0.2425,0.21839080459770116,0.4098360655737705,0.31666666666666665
2021-01-01,2021-05-08,2000,1988,0.506,0.494,31,443,1514,12,1600,328,0.026373626373626374,0.243,0.21839080459770116,0.4098360655737705,0.31666666666666665
2021-01-01,2021-05-09,2000,1988,0.506,0.494,32,444,1512,12,1600,328,0.02631578947368421,0.244,0.21839080459770116,0.4098360655737705,0.31666666666666665
2021-01-01,2021-05-10,2000,1988,0.506,0.494,33,445,1510,12,1600,328,0.0262582056892779,0.245,0.22988505747126436,0.4098360655737705,0.31666666666666665
2021-01-01,2021-05-11,2000,1988,0.506,0.494,34,447,1507,12,1600,328,0.026143790849673203,0.2465,0.22988505747126436,0.4098360655737705,0.31666666666666665
2021-01-01,2021-05-12,2000,1988,0.506,0.494,34,449,1505,12,1600,328,0.026030368763557483,0.2475,0.22988505747126436,0.4098360655737705,0.31666666666666665
2021-01-01,2021-05-13,2000,1988,0.506,0.494,35,450,1503,12,1600,328,0.025974025974025976,0.2485,0.22988505747126436,0.4098360655737705,0.325
2021-01-01,2021-05-14,2000,1988,0.506,0.494,31,454,1503,12,1600,328,0.02575107296137339,0.2485,0.22988505747126436,0.4098360655737705,0.325
2021-01-01,2021-05-15,2000,1988,0.506,0.494,32,455,1501,12,1600,328,0.02569593147751606,0.2495,0.22988505747126436,0.4098360655737705,0.325
2021-01-01,2021-05-16,2000,1988,0.506,0.494,32,456,1500,12,1600,328,0.02564102564102564,0.25,0.22988505747126436,0.4098360655737705,0.325
2021-01-01,2021-05-17,2000,1987,0.506,0.494,30,458,1499,13,1800,409,0.027600849256900213,0.2505,0.22988505747126436,0.4098360655737705,0.325
2021-01-01,2021-05-18,2000,1987,0.506,0.494,27,461,1499,13,1800,409,0.027426160337552744,0.2505,0.22988505747126436,0.4098360655737705,0.325
2021-01-01,2021-05-19,2000,1987,0.506,0.494,23,466,1498,13,1800,409,0.027139874739039668,0.251,0.22988505747126436,0.4098360655737705,0.325
2021-01-01,2021-05-20,2000,1986,0.506,0.494,19,470,1497,14,1800,409,0.028925619834710745,0.2515,0.22988505747126436,0.4098360655737705,0.325
2021-01-01,2021-05-21,2000,1986,0.506,0.494,19,470,1497,14,1800,409,0.028925619834710745,0.2515,0.22988505747126436,0.4098360655737705,0.325
2021-01-01,2021-05-22,2000,1986,0.506,0.494,16,473,1497,14,1800,409,0.028747433264887063,0.2515,0.22988505747126436,0.4098360655737705,0.325
2021-01-01,2021-05-23,2000,1986,0.506,0.494,15,475,1496,14,1800,409,0.028629856850715747,0.252,0.22988505747126436,0.4098360655737705,0.325
2021-01-01,2021-05-24,2000,1986,0.506,0.494,15,475,1496,14,1800,409,0.028629856850715747,0.252,0.22988505747126436,0.4098360655737705,0.325
2021-01-01,2021-05-25,2000,1986,0.506,0.494,14,476,1496,14,1800,409,0.02857142857142857,0.252,0.22988505747126436,0.4098360655737705,0.325
2021-01-01,2021-05-26,2000,1986,0.506,0.494,12,478,1496,14,1800,409,0.028455284552845527,0.252,0.22988505747126436,0.4098360655737705,0.325
2021-01-01,2021-05-27,2000,1986,0.506,0.494,11,479,1496,14,1800,409,0.028397565922920892,0.252,0.22988505747126436,0.4098360655737705,0.325
2021-01-01,2021-05-28,2000,1986,0.506,0.494,11,479,1496,14,1800,409,0.028397565922920892,0.252,0.22988505747126436,0.4098360655737705,0.325
2021-01-01,2021-05-29,2000,1986,0.506,0.494,10,480,1496,14,1800,409,0.02834008097165992,0.252,0.22988505747126436,0.4098360655737705,0.325
2021-01-01,2021-05-30,2000,1986,0.506,0.494,9,482,1495,14,1800,409,0.028225806451612902,0.2525,0.22988505747126436,0.4098360655737705,0.325
2021-01-01,2021-05-31,2000,1986,0.506,0.494,10,482,1494,14,1800,409,0.028225806451612902,0.253,0.22988505747126436,0.4098360655737705,0.325
2021-01-01,2021-06-01,2000,1986,0.506,0.494,10,482,1494,14,1991,497,0.028225806451612902,0.253,0.22988505747126436,0.4098360655737705,0.325
2021-01-01,2021-06-02,2000,1986,0.506,0.494,9,483,1494,14,1991,497,0.028169014084507043,0.253,0.22988505747126436,0.4098360655737705,0.325
2021-01-01,2021-06-03,2000,1986,0.506,0.494,9,483,1494,14,1991,497,0.028169014084507043,0.253,0.22988505747126436,0.4098360655737705,0.325
2021-01-01,2021-06-04,2000,1986,0.506,0.494,8,484,1494,14,1991,497,0.028112449799196786,0.253,0.22988505747126436,0.4098360655737705,0.325
2021-01-01,2021-06-05,2000,1986,0.506,0.494,8,484,1494,14,1991,497,0.028112449799196786,0.253,0.22988505747126436,0.4098360655737705,0.325
2021-01-01,2021-06-06,2000,1986,0.506,0.494,7,485,1494,14,1991,497,0.028056112224448898,0.253,0.22988505747126436,0.4098360655737705,0.325
2021-01-01,2021-06-07,2000,1986,0.506,0.494,6,486,1494,14,1991,497,0.028,0.253,0.22988505747126436,0.4098360655737705,0.325
2021-01-01,2021-06-08,2000,1986,0.506,0.494,6,486,1494,14,1991,497,0.028,0.253,0.22988505747126436,0.4098360655737705,0.325
2021-01-01,2021-06-09,2000,1986,0.506,0.494,5,487,1494,14,1991,497,0.027944111776447105,0.253,0.22988505747126436,0.4098360655737705,0.325
2021-01-01,2021-06-10,2000,1986,0.506,0.494,5,487,1494,14,1991,497,0.027944111776447105,0.253,0.22988505747126436,0.4098360655737705,0.325
2021-01-01,2021-06-11,2000,1986,0.506,0.494,5,487,1494,14,1991,497,0.027944111776447105,0.253,0.22988505747126436,0.4098360655737705,0.325
2021-01-01,2021-06-12,2000,1986,0.506,0.494,4,488,1494,14,1991,497,0.027888446215139442,0.253,0.22988505747126436,0.4098360655737705,0.325
2021-01-01,2021-06-13,2000,1986,0.506,0.494,4,488,1494,14,1991,497,0.027888446215139442,0.253,0.22988505747126436,0.4098360655737705,0.325
2021-01-01,2021-06-14,2000,1986,0.506,0.494,4,488,1494,14,1991,497,0.027888446215139442,0.253,0.22988505747126436,0.4098360655737705,0.325
2021-01-01,2021-06-15,2000,1986,0.506,0.494,3,489,1494,14,1991,497,0.027833001988071572,0.253,0.22988505747126436,0.4098360655737705,0.325
2021-01-01,2021-06-16,2000,1986,0.506,0.494,3,489,1494,14,1991,497,0.027833001988071572,0.253,0.22988505747126436,0.4098360655737705,0.325
2021-01-01,2021-06-17,2000,1986,0.506,0.494,3,489,1494,14,1991,497,0.027833001988071572,0.253,0.22988505747126436,0.4098360655737705,0.325
2021-01-01,2021-06-18,2000,1986,0.506,0.494,3,489,1494,14,1991,497,0.027833001988071572,0.253,0.22988505747126436,0.4098360655737705,0.325
2021-01-01,2021-06-19,2000,1986,0.506,0.494,3,489,1494,14,1991,497,0.027833001988071572,0.253,0.22988505747126436,0.4098360655737705,0.325
2021-01-01,2021-06-20,2000,1986,0.506,0.494,2,490,1494,14,1991,497,0.027777777777777776,0.253,0.22988505747126436,0.4098360655737705,0.325
2021-01-01,2021-06-21,2000,1985,0.506,0.494,1,490,1494,15,1991,497,0.0297029702970297,0.253,0.22988505747126436,0.4098360655737705,0.325
2021-01-01,2021-06-22,2000,1985,0.506,0.494,1,490,1494,15,1991,497,0.0297029702970297,0.253,0.22988505747126436,0.4098360655737705,0.325
2021-01-01,2021-06-23,2000,1985,0.506,0.494,1,490,1494,15,1991,497,0.0297029702970297,0.253,0.22988505747126436,0.4098360655737705,0.325
2021-01-01,2021-06-24,2000,1985,0.506,0.494,0,491,1494,15,1991,497,0.029644268774703556,0.253,0.22988505747126436,0.4098360655737705,0.325
2021-01-01,2021-06-25,2000,1985,0.506,0.494,0,491,1494,15,1991,497,0.029644268774703556,0.253,0.22988505747126436,0.4098360655737705,0.325
2021-01-01,2021-06-26,2000,1985,0.506,0.494,0,491,1494,15,1991,497,0.029644268774703556,0.253,0.22988505747126436,0.4098360655737705,0.325
2021-01-01,2021-06-27,2000,1985,0.506,0.494,0,491,1494,15,1991,497,0.029644268774703556,0.253,0.22988505747126436,0.4098360655737705,0.325
2021-01-01,2021-06-28,2000,1985,0.506,0.494,0,491,1494,15,1991,497,0.029644268774703556,0.253,0.22988505747126436,0.4098360655737705,0.325
2021-01-01,2021-06-29,2000,1985,0.506,0.494,0,491,1494,15,1991,497,0.029644268774703556,0.253,0.22988505747126436,0.4098360655737705,0.325
2021-01-01,2021-06-30,2000,1985,0.506,0.494,0,491,1494,15,1991,497,0.029644268774703556,0.253,0.22988505747126436,0.4098360655737705,0.325
2021-01-01,2021-07-01,2000,1985,0.506,0.494,0,491,1494,15,1991,497,0.029644268774703556,0.253,0.22988505747126436,0.4098360655737705,0.325
2021-01-01,2021-07-02,2000,1985,0.506,0.494,0,491,1494,15,1991,497,0.029644268774703556,0.253,0.22988505747126436,0.4098360655737705,0.325
2021-01-01,2021-07-03,2000,1985,0.506,0.494,0,491,1494,15,1991,497,0.029644268774703556,0.253,0.22988505747126436,0.4098360655737705,0.325
2021-01-01,2021-07-04,2000,1985,0.506,0.494,0,491,1494,15,1991,497,0.029644268774703556,0.253,0.22988505747126436,0.4098360655737705,0.325
2021-01-01,2021-07-05,2000,1985,0.506,0.494,0,491,1494,15,1991,497,0.029644268774703556,0.253,0.22988505747126436,0.4098360655737705,0.325
2021-01-01,2021-07-06,2000,1985,0.506,0.494,0,491,1494,15,1991,497,0.029644268774703556,0.253,0.22988505747126436,0.4098360655737705,0.325
2021-01-01,2021-07-07,2000,1985,0.506,0.494,0,491,1494,15,1991,497,0.029644268774703556,0.253,0.22988505747126436,0.4098360655737705,0.325
2021-01-01,2021-07-08,2000,1985,0.506,0.494,0,491,1494,15,1991,497,0.029644268774703556,0.253,0.22988505747126436,0.4098360655737705,0.325
2021-01-01,2021-07-09,2000,1985,0.506,0.494,0,491,1494,15,1991,497,0.029644268774703556,0.253,0.22988505747126436,0.4098360655737705,0.325
2021-01-01,2021-07-10,2000,1985,0.506,0.494,0,491,1494,15,1991,497,0.029644268774703556,0.253,0.22988505747126436,0.4098360655737705,0.325
2021-01-01,2021-07-11,2000,1985,0.506,0.494,0,491,1494,15,1991,497,0.029644268774703556,0.253,0.22988505747126436,0.4098360655737705,0.325
2021-01-01,2021-07-12,2000,1985,0.506,0.494,0,491,1494,15,1991,497,0.029644268774703556,0.253,0.22988505747126436,0.4098360655737705,0.325
2021-01-01,2021-07-13,2000,1985,0.506,0.494,0,491,1494,15,1991,497,0.029644268774703556,0.253,0.22988505747126436,0.4098360655737705,0.325
2021-01-01,2021-07-14,2000,1985,0.506,0.494,0,491,1494,15,1991,497,0.029644268774703556,0.253,0.22988505747126436,0.4098360655737705,0.325
2021-01-01,2021-07-15,2000,1985,0.506,0.494,0,491,1494,15,1991,497,0.029644268774703556,0.253,0.22988505747126436,0.4098360655737705,0.325
2021-01-01,2021-07-16,2000,1985,0.506,0.494,0,491,1494,15,1991,497,0.029644268774703556,0.253,0.22988505747126436,0.4098360655737705,0.325
2021-01-01,2021-07-17,2000,1985,0.506,0.494,0,491,1494,15,1991,497,0.029644268774703556,0.253,0.22988505747126436,0.4098360655737705,0.325
2021-01-01,2021-07-18,2000,1985,0.506,0.494,0,491,1494,15,1991,497,0.029644268774703556,0.253,0.22988505747126436,0.4098360655737705,0.325
2021-01-01,2021-07-19,2000,1985,0.506,0.494,0,491,1494,15,1991,497,0.029644268774703556,0.253,0.22988505747126436,0.4098360655737705,0.325
2021-01-01,2021-07-20,2000,1985,0.506,0.494,0,491,1494,15,1991,497,0.029644268774703556,0.253,0.22988505747126436,0.4098360655737705,0.325
2021-01-01,2021-07-21,2000,1985,0.506,0.494,0,491,1494,15,1991,497,0.029644268774703556,0.253,0.22988505747126436,0.4098360655737705,0.325
2021-01-01,2021-07-22,2000,1985,0.506,0.494,0,491,1494,15,1991,497,0.029644268774703556,0.253,0.22988505747126436,0.4098360655737705,0.325
2021-01-01,2021-07-23,2000,1985,0.506,0.494,0,491,1494,15,1991,497,0.029644268774703556,0.253,0.22988505747126436,0.4098360655737705,0.325
2021-01-01,2021-07-24,2000,1985,0.506,0.494,0,491,1494,15,1991,497,0.029644268774703556,0.253,0.22988505747126436,0.4098360655737705,0.325
2021-01-01,2021-07-25,2000,1985,0.506,0.494,0,491,1494,15,1991,497,0.029644268774703556,0.253,0.22988505747126436,0.4098360655737705,0.325
2021-01-01,2021-07-26,2000,1985,0.506,0.494,0,491,1494,15,1991,497,0.029644268774703556,0.253,0.22988505747126436,0.4098360655737705,0.325
2021-01-01,2021-07-27,2000,1985,0.506,0.494,0,491,1494,15,1991,497,0.029644268774703556,0.253,0.22988505747126436,0.4098360655737705,0.325
2021-01-01,2021-07-28,2000,1985,0.506,0.494,0,491,1494,15,1991,497,0.029644268774703556,0.253,0.22988505747126436,0.4098360655737705,0.325
2021-01-01,2021-07-29,2000,1985,0.506,0.494,0,491,1494,15,1991,497,0.029644268774703556,0.253,0.22988505747126436,0.4098360655737705,0.325
2021-01-01,2021-07-30,2000,1985,0.506,0.494,0,491,1494,15,1991,497,0.029644268774703556,0.253,0.22988505747126436,0.4098360655737705,0.325
2021-01-01,2021-07-31,2000,1985,0.506,0.494,0,491,1494,15,1991,497,0.029644268774703556,0.253,0.22988505747126436,0.4098360655737705,0.325
2021-01-01,2021-08-01,2000,1985,0.506,0.494,0,491,1494,15,1991,497,0.029644268774703556,0.253,0.22988505747126436,0.4098360655737705,0.325
2021-01-01,2021-08-02,2000,1985,0.506,0.494,0,491,1494,15,1991,497,0.029644268774703556,0.253,0.22988505747126436,0.4098360655737705,0.325
2021-01-01,2021-08-03,2000,1985,0.506,0.494,0,491,1494,15,1991,497,0.029644268774703556,0.253,0.22988505747126436,0.4098360655737705,0.325
2021-01-01,2021-08-04,2000,1985,0.506,0.494,0,491,1494,15,1991,497,0.029644268774703556,0.253,0.22988505747126436,0.4098360655737705,0.325
2021-01-01,2021-08-05,2000,1985,0.506,0.494,0,491,1494,15,1991,497,0.029644268774703556,0.253,0.22988505747126436,0.4098360655737705,0.325
2021-01-01,2021-08-06,2000,1985,0.506,0.494,0,491,1494,15,1991,497,0.029644268774703556,0.253,0.22988505747126436,0.4098360655737705,0.325
2021-01-01,2021-08-07,2000,1985,0.506,0.494,0,491,1494,15,1991,497,0.029644268774703556,0.253,0.22988505747126436,0.4098360655737705,0.325
2021-01-01,2021-08-08,2000,1985,0.506,0.494,0,491,1494,15,1991,497,0.029644268774703556,0.253,0.22988505747126436,0.4098360655737705,0.325
2021-01-01,2021-08-09,2000,1985,0.506,0.494,0,491,1494,15,1991,497,0.029644268774703556,0.253,0.22988505747126436,0.4098360655737705,0.325
2021-01-01,2021-08-10,2000,1985,0.506,0.494,0,491,1494,15,1991,497,0.029644268774703556,0.253,0.22988505747126436,0.4098360655737705,0.325
2021-01-01,2021-08-11,2000,1985,0.506,0.494,0,491,1494,15,1991,497,0.029644268774703556,0.253,0.22988505747126436,0.4098360655737705,0.325
2021-01-01,2021-08-12,2000,1985,0.506,0.494,0,491,1494,15,1991,497,0.029644268774703556,0.253,0.22988505747126436,0.4098360655737705,0.325
2021-01-01,2021-08-13,2000,1985,0.506,0.494,0,491,1494,15,1991,497,0.029644268774703556,0.253,0.22988505747126436,0.4098360655737705,0.325
2021-01-01,2021-08-14,2000,1985,0.506,0.494,0,491,1494,15,1991,497,0.029644268774703556,0.253,0.22988505747126436,0.4098360655737705,0.325
2021-01-01,2021-08-15,2000,1985,0.506,0.494,0,491,1494,15,1991,497,0.029644268774703556,0.253,0.22988505747126436,0.4098360655737705,0.325
2021-01-01,2021-08-16,2000,1985,0.506,0.494,0,491,1494,15,1991,497,0.029644268774703556,0.253,0.22988505747126436,0.4098360655737705,0.325
2021-01-01,2021-08-17,2000,1985,0.506,0.494,0,491,1494,15,1991,497,0.029644268774703556,0.253,0.22988505747126436,0.4098360655737705,0.325
2021-01-01,2021-08-18,2000,1985,0.506,0.494,0,491,1494,15,1991,497,0.029644268774703556,0.253,0.22988505747126436,0.4098360655737705,0.325
2021-01-01,2021-08-19,2000,1985,0.506,0.494,0,491,1494,15,1991,497,0.029644268774703556,0.253,0.22988505747126436,0.4098360655737705,0.325
2021-01-01,2021-08-20,2000,1985,0.506,0.494,0,491,1494,15,1991,497,0.029644268774703556,0.253,0.22988505747126436,0.4098360655737705,0.325
2021-01-01,2021-08-21,2000,1985,0.506,0.494,0,491,1494,15,1991,497,0.029644268774703556,0.253,0.22988505747126436,0.4098360655737705,0.325
2021-01-01,2021-08-22,2000,1985,0.506,0.494,0,491,1494,15,1991,497,0.029644268774703556,0.253,0.22988505747126436,0.4098360655737705,0.325
2021-01-01,2021-08-23,2000,1985,0.506,0.494,0,491,1494,15,1991,497,0.029644268774703556,0.253,0.22988505747126436,0.4098360655737705,0.325
2021-01-01,2021-08-24,2000,1985,0.506,0.494,0,491,1494,15,1991,497,0.029644268774703556,0.253,0.22988505747126436,0.4098360655737705,0.325
2021-01-01,2021-08-25,2000,1985,0.506,0.494,0,491,1494,15,1991,497,0.029644268774703556,0.253,0.22988505747126436,0.4098360655737705,0.325
2021-01-01,2021-08-26,2000,1985,0.506,0.494,0,491,1494,15,1991,497,0.029644268774703556,0.253,0.22988505747126436,0.4098360655737705,0.325
2021-01-01,2021-08-27,2000,1985,0.506,0.494,0,491,1494,15,1991,497,0.029644268774703556,0.253,0.22988505747126436,0.4098360655737705,0.325
2021-01-01,2021-08-28,2000,1985,0.506,0.494,0,491,1494,15,1991,497,0.029644268774703556,0.253,0.22988505747126436,0.4098360655737705,0.325
2021-01-01,2021-08-29,2000,1985,0.506,0.494,0,491,1494,15,1991,497,0.029644268774703556,0.253,0.22988505747126436,0.4098360655737705,0.325
2021-01-01,2021-08-30,2000,1985,0.506,0.494,0,491,1494,15,1991,497,0.029644268774703556,0.253,0.22988505747126436,0.4098360655737705,0.325
2021-01-01,2021-08-31,2000,1985,0.506,0.494,0,491,1494,15,1991,497,0.029644268774703556,0.253,0.22988505747126436,0.4098360655737705,0.325
2021-01-01,2021-09-01,2000,1985,0.506,0.494,0,491,1494,15,1991,497,0.029644268774703556,0.253,0.22988505747126436,0.4098360655737705,0.325
2021-01-01,2021-09-02,2000,1985,0.506,0.494,0,491,1494,15,1991,497,0.029644268774703556,0.253,0.22988505747126436,0.4098360655737705,0.325
2021-01-01,2021-09-03,2000,1985,0.506,0.494,0,491,1494,15,1991,497,0.029644268774703556,0.253,0.22988505747126436,0.4098360655737705,0.325
2021-01-01,2021-09-04,2000,1985,0.506,0.494,0,491,1494,15,1991,497,0.029644268774703556,0.253,0.22988505747126436,0.4098360655737705,0.325
2021-01-01,2021-09-05,2000,1985,0.506,0.494,0,491,1494,15,1991,497,0.029644268774703556,0.253,0.22988505747126436,0.4098360655737705,0.325
2021-01-01,2021-09-06,2000,1985,0.506,0.494,0,491,1494,15,1991,497,0.029644268774703556,0.253,0.22988505747126436,0.4098360655737705,0.325
2021-01-01,2021-09-07,2000,1985,0.506,0.494,0,491,1494,15,1991,497,0.029644268774703556,0.253,0.22988505747126436,0.4098360655737705,0.325
2021-01-01,2021-09-08,2000,1985,0.506,0.494,0,491,1494,15,1991,497,0.029644268774703556,0.253,0.22988505747126436,0.4098360655737705,0.325
2021-01-01,2021-09-09,2000,1985,0.506,0.494,0,491,1494,15,1991,497,0.029644268774703556,0.253,0.22988505747126436,0.4098360655737705,0.325
2021-01-01,2021-09-10,2000,1985,0.506,0.494,0,491,1494,15,1991,497,0.029644268774703556,0.253,0.22988505747126436,0.4098360655737705,0.325
2021-01-01,2021-09-11,2000,1985,0.506,0.494,0,491,1494,15,1991,497,0.029644268774703556,0.253,0.22988505747126436,0.4098360655737705,0.325
2021-01-01,2021-09-12,2000,1985,0.506,0.494,0,491,1494,15,1991,497,0.029644268774703556,0.253,0.22988505747126436,0.4098360655737705,0.325
2021-01-01,2021-09-13,2000,1985,0.506,0.494,0,491,1494,15,1991,497,0.029644268774703556,0.253,0.22988505747126436,0.4098360655737705,0.325
2021-01-01,2021-09-14,2000,1985,0.506,0.494,0,491,1494,15,1991,497,0.029644268774703556,0.253,0.22988505747126436,0.4098360655737705,0.325
2021-01-01,2021-09-15,2000,1985,0.506,0.494,0,491,1494,15,1991,497,0.029644268774703556,0.253,0.22988505747126436,0.4098360655737705,0.325
2021-01-01,2021-09-16,2000,1985,0.506,0.494,0,491,1494,15,1991,497,0.029644268774703556,0.253,0.22988505747126436,0.4098360655737705,0.325
2021-01-01,2021-09-17,2000,1985,0.506,0.494,0,491,1494,15,1991,497,0.029644268774703556,0.253,0.22988505747126436,0.4098360655737705,0.325
2021-01-01,2021-09-18,2000,1985,0.506,0.494,0,491,1494,15,1991,497,0.029644268774703556,0.253,0.22988505747126436,0.4098360655737705,0.325
2021-01-01,2021-09-19,2000,1985,0.506,0.494,0,491,1494,15,1991,497,0.029644268774703556,0.253,0.22988505747126436,0.4098360655737705,0.325
2021-01-01,2021-09-20,2000,1985,0.506,0.494,0,491,1494,15,1991,497,0.029644268774703556,0.253,0.22988505747126436,0.4098360655737705,0.325
2021-01-01,2021-09-21,2000,1985,0.506,0.494,0,491,1494,15,1991,497,0.029644268774703556,0.253,0.22988505747126436,0.4098360655737705,0.325
2021-01-01,2021-09-22,2000,1985,0.506,0.494,0,491,1494,15,1991,497,0.029644268774703556,0.253,0.22988505747126436,0.4098360655737705,0.325
2021-01-01,2021-09-23,2000,1985,0.506,0.494,0,491,1494,15,1991,497,0.029644268774703556,0.253,0.22988505747126436,0.4098360655737705,0.325
2021-01-01,2021-09-24,2000,1985,0.506,0.494,0,491,1494,15,1991,497,0.029644268774703556,0.253,0.22988505747126436,0.4098360655737705,0.325
2021-01-01,2021-09-25,2000,1985,0.506,0.494,0,491,1494,15,1991,497,0.029644268774703556,0.253,0.22988505747126436,0.4098360655737705,0.325
2021-01-01,2021-09-26,2000,1985,0.506,0.494,0,491,1494,15,1991,497,0.029644268774703556,0.253,0.22988505747126436,0.4098360655737705,0.325
2021-01-01,2021-09-27,2000,1985,0.506,0.494,0,491,1494,15,1991,497,0.029644268774703556,0.253,0.22988505747126436,0.4098360655737705,0.325
2021-01-01,2021-09-28,2000,1985,0.506,0.494,0,491,1494,15,1991,497,0.029644268774703556,0.253,0.22988505747126436,0.4098360655737705,0.325
2021-01-01,2021-09-29,2000,1985,0.506,0.494,0,491,1494,15,1991,497,0.029644268774703556,0.253,0.22988505747126436,0.4098360655737705,0.325
2021-01-01,2021-09-30,2000,1985,0.506,0.494,0,491,1494,15,1991,497,0.029644268774703556,0.253,0.22988505747126436,0.4098360655737705,0.325
2021-01-01,2021-10-01,2000,1985,0.506,0.494,0,491,1494,15,1991,497,0.029644268774703556,0.253,0.22988505747126436,0.4098360655737705,0.325
2021-01-01,2021-10-02,2000,1985,0.506,0.494,0,491,1494,15,1991,497,0.029644268774703556,0.253,0.22988505747126436,0.4098360655737705,0.325
2021-01-01,2021-10-03,2000,1985,0.506,0.494,0,491,1494,15,1991,497,0.029644268774703556,0.253,0.22988505747126436,0.4098360655737705,0.325
2021-01-01,2021-10-04,2000,1985,0.506,0.494,0,491,1494,15,1991,497,0.029644268774703556,0.253,0.22988505747126436,0.4098360655737705,0.325
2021-01-01,2021-10-05,2000,1985,0.506,0.494,0,491,1494,15,1991,497,0.029644268774703556,0.253,0.22988505747126436,0.4098360655737705,0.325
2021-01-01,2021-10-06,2000,1985,0.506,0.494,0,491,1494,15,1991,497,0.029644268774703556,0.253,0.22988505747126436,0.4098360655737705,0.325
2021-01-01,2021-10-07,2000,1985,0.506,0.494,0,491,1494,15,1991,497,0.029644268774703556,0.253,0.22988505747126436,0.4098360655737705,0.325
2021-01-01,2021-10-08,2000,1985,0.506,0.494,0,491,1494,15,1991,497,0.029644268774703556,0.253,0.22988505747126436,0.4098360655737705,0.325
2021-01-01,2021-10-09,2000,1985,0.506,0.494,0,491,1494,15,1991,497,0.029644268774703556,0.253,0.22988505747126436,0.4098360655737705,0.325
2021-01-01,2021-10-10,2000,1985,0.506,0.494,0,491,1494,15,1991,497,0.029644268774703556,0.253,0.22988505747126436,0.4098360655737705,0.325
2021-01-01,2021-10-11,2000,1985,0.506,0.494,0,491,1494,15,1991,497,0.029644268774703556,0.253,0.22988505747126436,0.4098360655737705,0.325
2021-01-01,2021-10-12,2000,1985,0.506,0.494,0,491,1494,15,1991,497,0.029644268774703556,0.253,0.22988505747126436,0.4098360655737705,0.325
2021-01-01,2021-10-13,2000,1985,0.506,0.494,0,491,1494,15,1991,497,0.029644268774703556,0.253,0.22988505747126436,0.4098360655737705,0.325
2021-01-01,2021-10-14,2000,1985,0.506,0.494,0,491,1494,15,1991,497,0.029644268774703556,0.253,0.22988505747126436,0.4098360655737705,0.325
2021-01-01,2021-10-15,2000,1985,0.506,0.494,0,491,1494,15,1991,497,0.029644268774703556,0.253,0.22988505747126436,0.4098360655737705,0.325
2021-01-01,2021-10-16,2000,1985,0.506,0.494,0,491,1494,15,1991,497,0.029644268774703556,0.253,0.22988505747126436,0.4098360655737705,0.325
2021-01-01,2021-10-17,2000,1985,0.506,0.494,0,491,1494,15,1991,497,0.029644268774703556,0.253,0.22988505747126436,0.4098360655737705,0.325
2021-01-01,2021-10-18,2000,1985,0.506,0.494,0,491,1494,15,1991,497,0.029644268774703556,0.253,0.22988505747126436,0.4098360655737705,0.325
2021-01-01,2021-10-19,2000,1985,0.506,0.494,0,491,1494,15,1991,497,0.029644268774703556,0.253,0.22988505747126436,0.4098360655737705,0.325
2021-01-01,2021-10-20,2000,1985,0.506,0.494,0,491,1494,15,1991,497,0.029644268774703556,0.253,0.22988505747126436,0.4098360655737705,0.325
2021-01-01,2021-10-21,2000,1985,0.506,0.494,0,491,1494,15,1991,497,0.029644268774703556,0.253,0.22988505747126436,0.4098360655737705,0.325
2021-01-01,2021-10-22,2000,1985,0.506,0.494,0,491,1494,15,1991,497,0.029644268774703556,0.253,0.22988505747126436,0.4098360655737705,0.325
2021-01-01,2021-10-23,2000,1985,0.506,0.494,0,491,1494,15,1991,497,0.029644268774703556,0.253,0.22988505747126436,0.4098360655737705,0.325
2021-01-01,2021-10-24,2000,1985,0.506,0.494,0,491,1494,15,1991,497,0.029644268774703556,0.253,0.22988505747126436,0.4098360655737705,0.325
2021-01-01,2021-10-25,2000,1985,0.506,0.494,0,491,1494,15,1991,497,0.029644268774703556,0.253,0.22988505747126436,0.4098360655737705,0.325
2021-01-01,2021-10-26,2000,1985,0.506,0.494,0,491,1494,15,1991,497,0.029644268774703556,0.253,0.22988505747126436,0.4098360655737705,0.325
2021-01-01,2021-10-27,2000,1985,0.506,0.494,0,491,1494,15,1991,497,0.029644268774703556,0.253,0.22988505747126436,0.4098360655737705,0.325
2021-01-01,2021-10-28,2000,1985,0.506,0.494,0,491,1494,15,1991,497,0.029644268774703556,0.253,0.22988505747126436,0.4098360655737705,0.325
2021-01-01,2021-10-29,2000,1985,0.506,0.494,0,491,1494,15,1991,497,0.029644268774703556,0.253,0.22988505747126436,0.4098360655737705,0.325
2021-01-01,2021-10-30,2000,1985,0.506,0.494,0,491,1494,15,1991,497,0.029644268774703556,0.253,0.22988505747126436,0.4098360655737705,0.325
2021-01-01,2021-10-31,2000,1985,0.506,0.494,0,491,1494,15,1991,497,0.029644268774703556,0.253,0.22988505747126436,0.4098360655737705,0.325
2021-01-01,2021-11-01,2000,1985,0.506,0.494,0,491,1494,15,1991,497,0.029644268774703556,0.253,0.22988505747126436,0.4098360655737705,0.325
2021-01-01,2021-11-02,2000,1985,0.506,0.494,0,491,1494,15,1991,497,0.029644268774703556,0.253,0.22988505747126436,0.4098360655737705,0.325
2021-01-01,2021-11-03,2000,1985,0.506,0.494,0,491,1494,15,1991,497,0.029644268774703556,0.253,0.22988505747126436,0.4098360655737705,0.325
2021-01-01,2021-11-04,2000,1985,0.506,0.494,0,491,1494,15,1991,497,0.029644268774703556,0.253,0.22988505747126436,0.4098360655737705,0.325
2021-01-01,2021-11-05,2000,1985,0.506,0.494,0,491,1494,15,1991,497,0.029644268774703556,0.253,0.22988505747126436,0.4098360655737705,0.325
2021-01-01,2021-11-06,2000,1985,0.506,0.494,0,491,1494,15,1991,497,0.029644268774703556,0.253,0.22988505747126436,0.4098360655737705,0.325
2021-01-01,2021-11-07,2000,1985,0.506,0.494,0,491,1494,15,1991,497,0.029644268774703556,0.253,0.22988505747126436,0.4098360655737705,0.325
2021-01-01,2021-11-08,2000,1985,0.506,0.494,0,491,1494,15,1991,497,0.029644268774703556,0.253,0.22988505747126436,0.4098360655737705,0.325
2021-01-01,2021-11-09,2000,1985,0.506,0.494,0,491,1494,15,1991,497,0.029644268774703556,0.253,0.22988505747126436,0.4098360655737705,0.325
2021-01-01,2021-11-10,2000,1985,0.506,0.494,0,491,1494,15,1991,497,0.029644268774703556,0.253,0.22988505747126436,0.4098360655737705,0.325
2021-01-01,2021-11-11,2000,1985,0.506,0.494,0,491,1494,15,1991,497,0.029644268774703556,0.253,0.22988505747126436,0.4098360655737705,0.325
2021-01-01,2021-11-12,2000,1985,0.506,0.494,0,491,1494,15,1991,497,0.029644268774703556,0.253,0.22988505747126436,0.4098360655737705,0.325
2021-01-01,2021-11-13,2000,1985,0.506,0.494,0,491,1494,15,1991,497,0.029644268774703556,0.253,0.22988505747126436,0.4098360655737705,0.325
2021-01-01,2021-11-14,2000,1985,0.506,0.494,0,491,1494,15,1991,497,0.029644268774703556,0.253,0.22988505747126436,0.4098360655737705,0.325
2021-01-01,2021-11-15,2000,1985,0.506,0.494,0,491,1494,15,1991,497,0.029644268774703556,0.253,0.22988505747126436,0.4098360655737705,0.325
2021-01-01,2021-11-16,2000,1985,0.506,0.494,0,491,1494,15,1991,497,0.029644268774703556,0.253,0.22988505747126436,0.4098360655737705,0.325
2021-01-01,2021-11-17,2000,1985,0.506,0.494,0,491,1494,15,1991,497,0.029644268774703556,0.253,0.22988505747126436,0.4098360655737705,0.325
2021-01-01,2021-11-18,2000,1985,0.506,0.494,0,491,1494,15,1991,497,0.029644268774703556,0.253,0.22988505747126436,0.4098360655737705,0.325
2021-01-01,2021-11-19,2000,1985,0.506,0.494,0,491,1494,15,1991,497,0.029644268774703556,0.253,0.22988505747126436,0.4098360655737705,0.325
2021-01-01,2021-11-20,2000,1985,0.506,0.494,0,491,1494,15,1991,497,0.029644268774703556,0.253,0.22988505747126436,0.4098360655737705,0.325
2021-01-01,2021-11-21,2000,1985,0.506,0.494,0,491,1494,15,1991,497,0.029644268774703556,0.253,0.22988505747126436,0.4098360655737705,0.325
2021-01-01,2021-11-22,2000,1985,0.506,0.494,0,491,1494,15,1991,497,0.029644268774703556,0.253,0.22988505747126436,0.4098360655737705,0.325
2021-01-01,2021-11-23,2000,1985,0.506,0.494,0,491,1494,15,1991,497,0.029644268774703556,0.253,0.22988505747126436,0.4098360655737705,0.325
2021-01-01,2021-11-24,2000,1985,0.506,0.494,0,491,1494,15,1991,497,0.029644268774703556,0.253,0.22988505747126436,0.4098360655737705,0.325
2021-01-01,2021-11-25,2000,1985,0.506,0.494,0,491,1494,15,1991,497,0.029644268774703556,0.253,0.22988505747126436,0.4098360655737705,0.325
2021-01-01,2021-11-26,2000,1985,0.506,0.494,0,491,1494,15,1991,497,0.029644268774703556,0.253,0.22988505747126436,0.4098360655737705,0.325
2021-01-01,2021-11-27,2000,1985,0.506,0.494,0,491,1494,15,1991,497,0.029644268774703556,0.253,0.22988505747126436,0.4098360655737705,0.325
2021-01-01,2021-11-28,2000,1985,0.506,0.494,0,491,1494,15,1991,497,0.029644268774703556,0.253,0.22988505747126436,0.4098360655737705,0.325
2021-01-01,2021-11-29,2000,1985,0.506,0.494,0,491,1494,15,1991,497,0.029644268774703556,0.253,0.22988505747126436,0.4098360655737705,0.325
2021-01-01,2021-11-30,2000,1985,0.506,0.494,0,491,1494,15,1991,497,0.029644268774703556,0.253,0.22988505747126436,0.4098360655737705,0.325
2021-01-01,2021-12-01,2000,1985,0.506,0.494,0,491,1494,15,1991,497,0.029644268774703556,0.253,0.22988505747126436,0.4098360655737705,0.325
2021-01-01,2021-12-02,2000,1985,0.506,0.494,0,491,1494,15,1991,497,0.029644268774703556,0.253,0.22988505747126436,0.4098360655737705,0.325
2021-01-01,2021-12-03,2000,1985,0.506,0.494,0,491,1494,15,1991,497,0.029644268774703556,0.253,0.22988505747126436,0.4098360655737705,0.325
2021-01-01,2021-12-04,2000,1985,0.506,0.494,0,491,1494,15,1991,497,0.029644268774703556,0.253,0.22988505747126436,0.4098360655737705,0.325
2021-01-01,2021-12-05,2000,1985,0.506,0.494,0,491,1494,15,1991,497,0.029644268774703556,0.253,0.22988505747126436,0.4098360655737705,0.325
2021-01-01,2021-12-06,2000,1985,0.506,0.494,0,491,1494,15,1991,497,0.029644268774703556,0.253,0.22988505747126436,0.4098360655737705,0.325
2021-01-01,2021-12-07,2000,1985,0.506,0.494,0,491,1494,15,1991,497,0.029644268774703556,0.253,0.22988505747126436,0.4098360655737705,0.325
2021-01-01,2021-12-08,2000,1985,0.506,0.494,0,491,1494,15,1991,497,0.029644268774703556,0.253,0.22988505747126436,0.4098360655737705,0.325
2021-01-01,2021-12-09,2000,1985,0.506,0.494,0,491,1494,15,1991,497,0.029644268774703556,0.253,0.22988505747126436,0.4098360655737705,0.325
2021-01-01,2021-12-10,2000,1985,0.506,0.494,0,491,1494,15,1991,497,0.029644268774703556,0.253,0.22988505747126436,0.4098360655737705,0.325
2021-01-01,2021-12-11,2000,1985,0.506,0.494,0,491,1494,15,1991,497,0.029644268774703556,0.253,0.22988505747126436,0.4098360655737705,0.325
2021-01-01,2021-12-12,2000,1985,0.506,0.494,0,491,1494,15,1991,497,0.029644268774703556,0.253,0.22988505747126436,0.4098360655737705,0.325
2021-01-01,2021-12-13,2000,1985,0.506,0.494,0,491,1494,15,1991,497,0.029644268774703556,0.253,0.22988505747126436,0.4098360655737705,0.325
2021-01-01,2021-12-14,2000,1985,0.506,0.494,0,491,1494,15,1991,497,0.029644268774703556,0.253,0.22988505747126436,0.4098360655737705,0.325
2021-01-01,2021-12-15,2000,1985,0.506,0.494,0,491,1494,15,1991,497,0.029644268774703556,0.253,0.22988505747126436,0.4098360655737705,0.325
2021-01-01,2021-12-16,2000,1985,0.506,0.494,0,491,1494,15,1991,497,0.029644268774703556,0.253,0.22988505747126436,0.4098360655737705,0.325
2021-01-01,2021-12-17,2000,1985,0.506,0.494,0,491,1494,15,1991,497,0.029644268774703556,0.253,0.22988505747126436,0.4098360655737705,0.325
2021-01-01,2021-12-18,2000,1985,0.506,0.494,0,491,1494,15,1991,497,0.029644268774703556,0.253,0.22988505747126436,0.4098360655737705,0.325
2021-01-01,2021-12-19,2000,1985,0.506,0.494,0,491,1494,15,1991,497,0.029644268774703556,0.253,0.22988505747126436,0.4098360655737705,0.325
2021-01-01,2021-12-20,2000,1985,0.506,0.494,0,491,1494,15,1991,497,0.029644268774703556,0.253,0.22988505747126436,0.4098360655737705,0.325
2021-01-01,2021-12-21,2000,1985,0.506,0.494,0,491,1494,15,1991,497,0.029644268774703556,0.253,0.22988505747126436,0.4098360655737705,0.325
2021-01-01,2021-12-22,2000,1985,0.506,0.494,0,491,1494,15,1991,497,0.029644268774703556,0.253,0.22988505747126436,0.4098360655737705,0.325
2021-01-01,2021-12-23,2000,1985,0.506,0.494,0,491,1494,15,1991,497,0.029644268774703556,0.253,0.22988505747126436,0.4098360655737705,0.325
2021-01-01,2021-12-24,2000,1985,0.506,0.494,0,491,1494,15,1991,497,0.029644268774703556,0.253,0.22988505747126436,0.4098360655737705,0.325
2021-01-01,2021-12-25,2000,1985,0.506,0.494,0,491,1494,15,1991,497,0.029644268774703556,0.253,0.22988505747126436,0.4098360655737705,0.325
2021-01-01,2021-12-26,2000,1985,0.506,0.494,0,491,1494,15,1991,497,0.029644268774703556,0.253,0.22988505747126436,0.4098360655737705,0.325
2021-01-01,2021-12-27,2000,1985,0.506,0.494,0,491,1494,15,1991,497,0.029644268774703556,0.253,0.22988505747126436,0.4098360655737705,0.325
2021-01-01,2021-12-28,2000,1985,0.506,0.494,0,491,1494,15,1991,497,0.029644268774703556,0.253,0.22988505747126436,0.4098360655737705,0.325
2021-01-01,2021-12-29,2000,1985,0.506,0.494,0,491,1494,15,1991,497,0.029644268774703556,0.253,0.22988505747126436,0.4098360655737705,0.325
2021-01-01,2021-12-30,2000,1985,0.506,0.494,0,491,1494,15,1991,497,0.029644268774703556,0.253,0.22988505747126436,0.4098360655737705,0.325
2021-01-01,2021-12-31,2000,1985,0.506,0.494,0,491,1494,15,1991,497,0.029644268774703556,0.253,0.22988505747126436,0.4098360655737705,0.325
